impl,dtype,d,seq,fwd_ms,bwd_ms,e2e_ms,ok,error,est_peak_gib,source
naive,float32,16,128,0.11745480352264141,0.5952267125835569,0.5190533000927466,True,,,main
flash_pytorch,float32,16,128,21.91528034210205,19.8755841255188,20.29805564880371,True,,,main
flash_triton,float32,16,128,0.013199530177716585,0.41616145335137844,0.41424454717259657,True,,,main
naive,float32,16,256,0.10268588920539998,0.50096419993788,0.48206380009651184,True,,,main
flash_pytorch,float32,16,256,73.28659057617188,83.56281280517578,83.30368041992188,True,,,main
flash_triton,float32,16,256,0.013059235419224694,0.4534352370316074,0.44301546696159577,True,,,main
naive,float32,16,512,0.1150642903473402,0.5212748793760935,0.5665727200345223,True,,,main
flash_pytorch,float32,16,512,331.6144714355469,304.0093078613281,325.2445068359375,True,,,main
flash_triton,float32,16,512,0.01757165261804818,0.46317980864218306,0.45719830428852754,True,,,main
naive,float32,16,1024,0.10184504505660799,0.5240081037793841,0.5204327917761273,True,,,main
flash_pytorch,float32,16,1024,1300.75341796875,1317.6759033203125,1200.093505859375,True,,,main
flash_triton,float32,16,1024,0.02528894294417065,0.48076159899885,0.46960542738786215,True,,,main
naive,float32,16,2048,0.1703605477668379,0.530972471131998,0.5391014492584884,True,,,main
flash_pytorch,float32,16,2048,5194.2216796875,5211.5478515625,5091.79150390625,True,,,main
flash_triton,float32,16,2048,0.04597200731826875,0.4532216600820321,0.4623984943417942,True,,,main
naive,float32,16,4096,0.6144319971402487,1.435856309591555,1.4315088287232414,True,,,main
flash_pytorch,float32,16,4096,19539.83984375,20516.484375,19064.099609375,True,,,main
flash_triton,float32,16,4096,0.08049589434650847,0.6596910541707819,0.609004060121683,True,,,main
naive,float32,16,8192,2.3607231974601746,5.405936002731323,5.406367990705702,True,,,main
flash_pytorch,float32,16,8192,77782.578125,78200.328125,76156.359375,True,,,main
flash_triton,float32,16,8192,0.22762507159174897,2.214975254876273,2.1250991488611977,True,,,main
naive,float32,32,128,0.10562235816467277,0.5176362834108157,0.526061463465051,True,,,main
flash_pytorch,float32,32,128,20.109715270996094,21.276912212371826,21.6758074760437,True,,,main
flash_triton,float32,32,128,0.015016516494586712,0.44424564663101646,0.44312580937113843,True,,,main
naive,float32,32,256,0.10226227595181815,0.5183565711433237,0.5093462141054981,True,,,main
flash_pytorch,float32,32,256,82.15042877197266,82.99046325683594,83.33570861816406,True,,,main
flash_triton,float32,32,256,0.013131866153714596,0.4558398146505301,0.44051004499197005,True,,,main
naive,float32,32,512,0.10729108204121714,0.5369004848276734,0.5292851699064978,True,,,main
flash_pytorch,float32,32,512,320.23077392578125,312.6309814453125,311.48486328125,True,,,main
flash_triton,float32,32,512,0.022219402061038222,0.4789031215252415,0.4616323598984922,True,,,main
naive,float32,32,1024,0.10962468570732808,0.5452595549049201,0.5492199504816974,True,,,main
flash_pytorch,float32,32,1024,1273.7130126953125,1255.811767578125,1281.9356689453125,True,,,main
flash_triton,float32,32,1024,0.03571914894017556,0.44980072848724595,0.46025957713215987,True,,,main
naive,float32,32,2048,0.17318149418177375,0.5349442068582926,0.5293103605508804,True,,,main
flash_pytorch,float32,32,2048,4769.06689453125,4769.1298828125,4814.6494140625,True,,,main
flash_triton,float32,32,2048,0.06278060097434,0.4984355562263065,0.47376297622226005,True,,,main
naive,float32,32,4096,0.6438062475062907,1.4811463259881543,1.4842043884338871,True,,,main
flash_pytorch,float32,32,4096,19450.052734375,19467.185546875,19308.595703125,True,,,main
flash_triton,float32,32,4096,0.11767363240372161,0.6864209232422022,0.6729549343387285,True,,,main
naive,float32,32,8192,2.4679890431855855,5.504796308629653,5.494751986335306,True,,,main
flash_pytorch,float32,32,8192,77127.609375,75880.328125,76890.0859375,True,,,main
flash_triton,float32,32,8192,0.3444032628559372,2.367335777024965,2.373909604549408,True,,,main
naive,float32,64,128,0.1033060803977934,0.5302641160678172,0.5307828410380129,True,,,main
flash_pytorch,float32,64,128,19.197433853149413,19.814559936523438,20.721328258514404,True,,,main
flash_triton,float32,64,128,0.013916915512632534,0.43967576890156185,0.4413986301553842,True,,,main
naive,float32,64,256,0.10210937369397598,0.5357512445569789,0.533941728649316,True,,,main
flash_pytorch,float32,64,256,75.88441467285156,80.0283203125,78.3691177368164,True,,,main
flash_triton,float32,64,256,0.019583792206111963,0.4768188223729726,0.4728027899251428,True,,,main
naive,float32,64,512,0.11248954903156176,0.5604491040624421,0.5619088407409819,True,,,main
flash_pytorch,float32,64,512,307.5436706542969,310.5364685058594,311.2440490722656,True,,,main
flash_triton,float32,64,512,0.02700128567337284,0.43873204676543964,0.3931922342693597,True,,,main
naive,float32,64,1024,0.13257557132081793,0.5390291984673519,0.5442859224684826,True,,,main
flash_pytorch,float32,64,1024,1197.39306640625,1193.59814453125,1205.6917724609375,True,,,main
flash_triton,float32,64,1024,0.04641060726769144,0.4619147811375611,0.46383478994979416,True,,,main
naive,float32,64,2048,0.20314455440532256,0.5429204227892976,0.5350563080080094,True,,,main
flash_pytorch,float32,64,2048,4750.87060546875,4780.478515625,4831.13232421875,True,,,main
flash_triton,float32,64,2048,0.08469271475249636,0.482394389324374,0.4771254553713582,True,,,main
naive,float32,64,4096,0.7514091437416417,1.8256428885459899,1.8294218100753485,True,,,main
flash_pytorch,float32,64,4096,19415.0390625,19304.232421875,18755.5,True,,,main
flash_triton,float32,64,4096,0.15939962003557456,1.0139749695273006,1.0167482814123465,True,,,main
naive,float32,64,8192,2.9153840243816376,7.073353877434363,7.06764554977417,True,,,main
flash_pytorch,float32,64,8192,75416.3984375,75565.0390625,76814.8984375,True,,,main
flash_triton,float32,64,8192,0.49380423005219476,4.073552744729178,3.757542428970337,True,,,main
naive,float32,128,128,0.09485561596637977,0.47551114931174204,0.49270991955189347,True,,,main
flash_pytorch,float32,128,128,19.444652557373047,20.101196670532225,19.535327911376953,True,,,main
flash_triton,float32,128,128,0.03599283424695597,1.8714978351042821,0.4351871180069911,True,,0.002,triton_d128_patch
naive,float32,128,256,0.10514393147940819,0.5032141110541658,0.5174091723633976,True,,,main
flash_pytorch,float32,128,256,77.05699157714844,77.83817291259766,77.08694458007812,True,,,main
flash_triton,float32,128,256,0.030095028657732264,0.49795694491727566,0.49912924277856485,True,,0.005,triton_d128_patch
naive,float32,128,512,0.10269878487497106,0.5146889214893039,0.515282287175611,True,,,main
flash_pytorch,float32,128,512,301.2338562011719,303.6302490234375,302.2510986328125,True,,,main
flash_triton,float32,128,512,0.04106180729125743,0.47431457830854684,0.4607121382834594,True,,0.014,triton_d128_patch
naive,float32,128,1024,0.13515513062315143,0.5206072886784872,0.5256747347693289,True,,,main
flash_pytorch,float32,128,1024,1204.158935546875,1185.235107421875,1202.7313232421875,True,,,main
flash_triton,float32,128,1024,0.07340593370608986,0.5726297830834108,0.5321928960876865,True,,0.043,triton_d128_patch
naive,float32,128,2048,0.3089174291651164,0.749305726850734,0.71942806799533,True,,,main
flash_pytorch,float32,128,2048,4803.0439453125,4708.10498046875,4772.3349609375,True,,,main
flash_triton,float32,128,2048,0.13760631235495005,0.6130206659436226,0.6114846040717269,True,,0.148,triton_d128_patch
naive,float32,128,4096,1.0562473848844185,2.582715544435713,2.583139565255907,True,,,main
flash_pytorch,float32,128,4096,19106.830078125,19988.779296875,19058.07421875,True,,,main
flash_triton,float32,128,4096,0.5220212285814722,2.05746895358676,2.05722951359219,True,,0.547,triton_d128_patch
naive,float32,128,8192,3.8595169385274253,9.792972755432128,9.794723224639892,True,,,main
flash_pytorch,float32,128,8192,76192.4453125,75684.53125,76054.8359375,True,,,main
flash_triton,float32,128,8192,1.537367321677127,7.238050534174993,7.239507675170898,True,,2.094,triton_d128_patch
naive,bfloat16,16,128,0.10240602398268607,0.5340220291113508,0.5185751983895898,True,,,main
flash_pytorch,bfloat16,16,128,21.600624084472656,21.97433567047119,22.013976097106934,True,,,main
flash_triton,bfloat16,16,128,0.013033692329489172,0.4999845224657869,0.5042016204515117,True,,,main
naive,bfloat16,16,256,0.10743438388338152,0.5177583382888273,0.5210136407717115,True,,,main
flash_pytorch,bfloat16,16,256,83.82572937011719,84.33904266357422,84.86902618408203,True,,,main
flash_triton,bfloat16,16,256,0.0147818227024466,0.49987506050213126,0.5010934012010694,True,,,main
naive,bfloat16,16,512,0.10312884191475939,0.504521641211632,0.4995506179553491,True,,,main
flash_pytorch,bfloat16,16,512,331.1407470703125,337.2958068847656,336.54046630859375,True,,,main
flash_triton,bfloat16,16,512,0.01942488628193882,0.49776158835871,0.49440234245323555,True,,,main
naive,bfloat16,16,1024,0.10771374661459153,0.5007128201616116,0.49850951570161384,True,,,main
flash_pytorch,bfloat16,16,1024,1320.430908203125,1304.2027587890625,1306.4613037109375,True,,,main
flash_triton,bfloat16,16,1024,0.032159724469952244,0.5190347016647162,0.5122296725270115,True,,,main
naive,bfloat16,16,2048,0.1152573300169656,0.5037003795432436,0.49885999895632266,True,,,main
flash_pytorch,bfloat16,16,2048,5212.1044921875,5232.302734375,5260.0087890625,True,,,main
flash_triton,bfloat16,16,2048,0.049340520097503386,0.514695218855277,0.5164683827549029,True,,,main
naive,bfloat16,16,4096,0.4194396913051605,0.8523330713661623,0.8526244765461082,True,,,main
flash_pytorch,bfloat16,16,4096,20912.51171875,20685.87109375,20809.685546875,True,,,main
flash_triton,bfloat16,16,4096,0.09538484694326625,0.6142213125228881,0.6140270857360419,True,,,main
naive,bfloat16,16,8192,1.6408297142812185,3.0701367701253583,3.0689537986632316,True,,,main
flash_pytorch,bfloat16,16,8192,84285.1875,85983.0859375,109262.296875,True,,,main
flash_triton,bfloat16,16,8192,0.21318469800732354,2.217158873875936,2.056392723863775,True,,,main
naive,bfloat16,32,128,0.16049913127896606,0.48235591186417476,0.6725497645139694,True,,,main
flash_pytorch,bfloat16,32,128,27.952528476715088,30.609867095947266,31.188992182413738,True,,,main
flash_triton,bfloat16,32,128,0.03993555485131291,0.7503809025583341,0.7168458542272226,True,,,main
naive,bfloat16,32,256,0.1467638185678239,0.6729487998411059,0.6387997952443135,True,,,main
flash_pytorch,bfloat16,32,256,92.62271881103516,105.33369445800781,102.93292999267578,True,,,main
flash_triton,bfloat16,32,256,0.017796506282955975,0.835743745803833,0.5125126171952639,True,,,main
naive,bfloat16,32,512,0.10882379485564864,0.5763493992388249,0.5217775613432978,True,,,main
flash_pytorch,bfloat16,32,512,446.25531005859375,381.9443664550781,394.90496826171875,True,,,main
flash_triton,bfloat16,32,512,0.017083033388853072,0.6260069479202403,0.6534306927160783,True,,,main
naive,bfloat16,32,1024,0.1505517116873651,0.6673409231962302,0.6385304438080758,True,,,main
flash_pytorch,bfloat16,32,1024,1581.171875,1741.15234375,1728.929443359375,True,,,main
flash_triton,bfloat16,32,1024,0.04370969149827857,0.7757678149744521,0.7697311754552474,True,,,main
naive,bfloat16,32,2048,0.20865534489963486,0.6483960026188901,0.5959966060790148,True,,,main
flash_pytorch,bfloat16,32,2048,9697.7373046875,8068.45068359375,9318.6337890625,True,,,main
flash_triton,bfloat16,32,2048,0.12851678345774867,0.6552746574083964,0.9228580288092295,True,,,main
naive,bfloat16,32,4096,0.4191255691301757,0.9976489240160356,0.8245599980537708,True,,,main
flash_pytorch,bfloat16,32,4096,31815.46875,29293.53125,24371.09375,True,,,main
flash_triton,bfloat16,32,4096,0.07583848838674408,0.6536219314243017,0.7286997778075082,True,,,main
naive,bfloat16,32,8192,1.6475874291999,3.0467478613699637,3.042660128685736,True,,,main
flash_pytorch,bfloat16,32,8192,115834.7890625,91719.125,96908.484375,True,,,main
flash_triton,bfloat16,32,8192,0.2312656573327889,2.4057449593263516,2.2730840027332304,True,,,main
naive,bfloat16,64,128,0.15729262245198092,0.7839194166399267,0.8058082586334597,True,,,main
flash_pytorch,bfloat16,64,128,26.406314849853516,28.32180341084798,27.63268280029297,True,,,main
flash_triton,bfloat16,64,128,0.013903424156908418,0.7393103831269768,0.7833150607698104,True,,,main
naive,bfloat16,64,256,0.12959200018003844,0.640887059709605,0.5664911525267543,True,,,main
flash_pytorch,bfloat16,64,256,96.51200103759766,99.14486694335938,106.07389068603516,True,,,main
flash_triton,bfloat16,64,256,0.022823359771255637,0.7701593843790201,0.7652843788138821,True,,,main
naive,bfloat16,64,512,0.17356530694849162,0.6170487913074872,0.7602140341164931,True,,,main
flash_pytorch,bfloat16,64,512,395.4948425292969,404.1749267578125,408.694091796875,True,,,main
flash_triton,bfloat16,64,512,0.02155505532411755,0.6078599283569738,0.6199581551755595,True,,,main
naive,bfloat16,64,1024,0.1302984882442994,0.6273545795871366,0.6076162390744508,True,,,main
flash_pytorch,bfloat16,64,1024,1455.023193359375,1504.6727294921875,1428.4801025390625,True,,,main
flash_triton,bfloat16,64,1024,0.030962630934488252,0.5707747927672572,0.5869940394704992,True,,,main
naive,bfloat16,64,2048,0.13734021610496588,0.5806268688577872,0.5723311127059989,True,,,main
flash_pytorch,bfloat16,64,2048,6362.2734375,6363.705078125,6238.51806640625,True,,,main
flash_triton,bfloat16,64,2048,0.0637558062050131,0.7460159984501925,0.7220404536094306,True,,,main
naive,bfloat16,64,4096,0.4265833232699141,0.8526908785104752,0.8562949571920477,True,,,main
flash_pytorch,bfloat16,64,4096,27341.677734375,24144.197265625,24421.26953125,True,,,main
flash_triton,bfloat16,64,4096,0.1190796906287356,0.9995094544747296,0.9980003870115047,True,,,main
naive,bfloat16,64,8192,1.6852065126101177,3.1257258892059325,3.121778122584025,True,,,main
flash_pytorch,bfloat16,64,8192,91150.171875,90543.0625,92038.8359375,True,,,main
flash_triton,bfloat16,64,8192,0.2984381017296813,3.6458141528643093,3.6382203102111816,True,,,main
naive,bfloat16,128,128,0.1273514145758094,0.6384345792954967,0.7174366467422054,True,,,main
flash_pytorch,bfloat16,128,128,25.595088005065918,24.16651964187622,24.35873556137085,True,,,main
flash_triton,bfloat16,128,128,0.016742897952032824,0.5365204932415379,0.5279698697003451,True,,0.002,triton_d128_patch
naive,bfloat16,128,256,0.15122787700108956,0.5557520001342422,0.5689742000687201,True,,,main
flash_pytorch,bfloat16,128,256,90.42505645751953,91.8753890991211,90.26338958740234,True,,,main
flash_triton,bfloat16,128,256,0.01926522881090641,0.5667362752659567,0.5516872042851733,True,,0.005,triton_d128_patch
naive,bfloat16,128,512,0.13145744705095364,0.5633765436759611,0.6017275317742007,True,,,main
flash_pytorch,bfloat16,128,512,355.2906188964844,354.69866943359375,367.5114440917969,True,,,main
flash_triton,bfloat16,128,512,0.03122081343053269,0.5570746665199597,0.5554395611972025,True,,0.014,triton_d128_patch
naive,bfloat16,128,1024,0.12898109981975997,0.5892417316253369,0.5689052762328715,True,,,main
flash_pytorch,bfloat16,128,1024,1374.5360107421875,1387.2113037109375,1405.8116455078125,True,,,main
flash_triton,bfloat16,128,1024,0.05483957574081918,0.5653810122738714,0.5571669348080953,True,,0.043,triton_d128_patch
naive,bfloat16,128,2048,0.1258323906817902,0.6329450950230637,0.7346398943389942,True,,,main
flash_pytorch,bfloat16,128,2048,5715.35205078125,6290.99169921875,5757.79345703125,True,,,main
flash_triton,bfloat16,128,2048,0.10001968209382514,0.5881076666216055,0.5885260492805543,True,,0.148,triton_d128_patch
naive,bfloat16,128,4096,0.4464659509135456,0.899182333300511,0.9075953345745802,True,,,main
flash_pytorch,bfloat16,128,4096,22211.494140625,23940.12890625,23588.140625,True,,,main
flash_triton,bfloat16,128,4096,0.23573492506324356,1.7830489492416381,1.7891763257980347,True,,0.547,triton_d128_patch
naive,bfloat16,128,8192,1.7275061090037507,3.2366698034878434,3.236329933692669,True,,,main
flash_pytorch,bfloat16,128,8192,95116.828125,105558.2421875,88143.484375,True,,,main
flash_triton,bfloat16,128,8192,0.5571200008123693,6.277275816599528,6.27681713104248,True,,2.094,triton_d128_patch
