model,mode,warmup,steps,batch_size,context_length,bf16,mean_s,std_s,peak_mem_gib,analytical_flops,tflops_per_s,num_params,residual_stream_mib_fp32,ok,error
small,forward,5,10,4,512,False,0.043099674535915254,0.00012729002239904067,0.7116231918334961,533968453632,12.38915280408998,128625408,6.0,True,
small,forward_backward,5,10,4,512,False,0.13423298816196622,0.0003295305113901453,4.0613203048706055,1601905360896,11.933768165565477,128625408,6.0,True,
small,train,5,10,4,512,False,0.1461293370462954,0.00017207047787343011,5.037613868713379,1601905360896,10.96224340214791,128625408,6.0,True,
medium,forward,5,10,4,512,False,0.13120483946986497,0.00015280225882469413,1.8906631469726562,1794289696768,13.675484105752906,423183360,8.0,True,
medium,forward_backward,5,10,4,512,False,0.4060913765802979,0.000477644828748109,10.562091827392578,5382869090304,13.255314938310752,423183360,8.0,True,
medium,train,5,10,4,512,False,0.4427832582034171,0.000364718811219415,13.72054672241211,5382869090304,12.156893899161563,423183360,8.0,True,
large,forward,5,10,4,512,False,0.27502551437355577,0.0001300886216546467,4.103348731994629,4111172894720,14.948332717727286,969411840,10.0,True,
large,forward_backward,5,10,4,512,False,0.8686812154948711,0.0019750642081277163,20.264065742492676,12333518684160,14.197980184403814,969411840,10.0,True,
large,train,5,10,4,512,False,0.9562842827755957,0.001473816993582249,27.486746788024902,12333518684160,12.897334930949834,969411840,10.0,True,
xl,forward,5,10,4,512,False,0.8451873714569956,0.0011967114106184633,13.44880485534668,14192350330880,16.791957393322374,3406809600,20.0,True,
xl,forward_backward,5,10,4,512,False,2.6146032479591668,0.0075072582711819165,40.15270137786865,42577050992640,16.284325748418464,3406809600,20.0,True,
xl,train,5,10,4,512,False,2.904390554828569,0.008108532177211712,65.53675365447998,42577050992640,14.65954739518601,3406809600,20.0,True,
10B,forward,5,10,4,512,False,3.087879802426323,0.010415663910370717,48.79183769226074,53338963968000,17.273652920715545,12832823808,36.0,True,
10B,forward_backward,5,10,4,512,False,,,,160016891904000,,,,False,"OOM: CUDA out of memory. Tried to allocate 144.00 MiB. GPU 0 has a total capacity of 79.25 GiB of which 103.94 MiB is free. Including non-PyTorch memory, this process has 79.14 GiB memory in use. Of the allocated memory 78.28 GiB is allocated by PyTorch, and 372.92 MiB is reserved by PyTorch but unallocated. If reserved but unallocated memory is large try setting PYTORCH_CUDA_ALLOC_CONF=expandable_segments:True to avoid fragmentation.  See documentation for Memory Management  (https://docs.pytorch.org/docs/stable/notes/cuda.html#optimizing-memory-usage-with-pytorch-cuda-alloc-conf)"
10B,train,5,10,4,512,False,,,,160016891904000,,,,False,"OOM: CUDA out of memory. Tried to allocate 96.00 MiB. GPU 0 has a total capacity of 79.25 GiB of which 7.94 MiB is free. Including non-PyTorch memory, this process has 79.24 GiB memory in use. Of the allocated memory 77.64 GiB is allocated by PyTorch, and 1.10 GiB is reserved by PyTorch but unallocated. If reserved but unallocated memory is large try setting PYTORCH_CUDA_ALLOC_CONF=expandable_segments:True to avoid fragmentation.  See documentation for Memory Management  (https://docs.pytorch.org/docs/stable/notes/cuda.html#optimizing-memory-usage-with-pytorch-cuda-alloc-conf)"
small,train,0,10,4,512,False,0.173333237785846,0.0857783073595365,5.033493995666504,1601905360896,9.241766791866896,128625408,6.0,True,
small,train,1,10,4,512,False,0.15180841740220785,0.017989453175948862,5.035935401916504,1601905360896,10.552151114597564,128625408,6.0,True,
small,train,2,10,4,512,False,0.14565799809060992,0.00013911802875549408,5.036011695861816,1601905360896,10.997716444650694,128625408,6.0,True,
small,train,5,10,4,512,False,0.1457174533046782,0.00026926289745857624,5.036911964416504,1601905360896,10.993229188178322,128625408,6.0,True,
small,forward,5,10,4,512,True,0.016683464823290705,0.0001459083360462682,0.6618185043334961,533968453632,32.005848862195656,128625408,6.0,True,
small,forward_backward,5,10,4,512,True,0.056690956465899944,0.0005724027072299126,3.241313934326172,1601905360896,28.256806036771646,128625408,6.0,True,
small,train,5,10,4,512,True,0.07735281065106392,0.0020833852381707554,4.209466934204102,1601905360896,20.709077632901337,128625408,6.0,True,
medium,forward,5,10,4,512,True,0.039628498675301674,0.00011348837302120696,1.8250503540039062,1794289696768,45.27776112513404,423183360,8.0,True,
medium,forward_backward,5,10,4,512,True,0.12874511969275773,0.0010283926784110937,8.421795845031738,5382869090304,41.8102767945681,423183360,8.0,True,
medium,train,5,10,4,512,True,0.16574759860523045,0.0010600102371258456,11.58025074005127,5382869090304,32.47630213409399,423183360,8.0,True,
large,forward,5,10,4,512,True,0.0726641182322055,3.79905531145865e-05,4.021927833557129,4111172894720,56.577757973781964,969411840,10.0,True,
large,forward_backward,5,10,4,512,True,0.22832826292142272,0.00044918553325365017,16.59912109375,12333518684160,54.01660979834318,969411840,10.0,True,
large,train,5,10,4,512,True,0.31588144614361224,0.0003446145218035977,23.95989418029785,12333518684160,39.04477086176405,969411840,10.0,True,
xl,forward,5,10,4,512,True,0.14488561945036055,0.000344809284414325,13.31403923034668,14192350330880,97.95554855423356,3406809600,20.0,True,
xl,forward_backward,5,10,4,512,True,0.46891376259736717,0.0008401191377533022,37.2859411239624,42577050992640,90.7993204481797,3406809600,20.0,True,
xl,train,5,10,4,512,True,0.7562719995621592,0.0008007258494609963,62.669657707214355,42577050992640,56.298594972827,3406809600,20.0,True,
10B,forward,5,10,4,512,True,0.41926388079300525,0.00045176188335110425,48.63363456726074,53338963968000,127.22050816090685,12832823808,36.0,True,
10B,forward_backward,5,10,4,512,True,,,,160016891904000,,,,False,"OOM: CUDA out of memory. Tried to allocate 48.00 MiB. GPU 0 has a total capacity of 79.25 GiB of which 1.94 MiB is free. Including non-PyTorch memory, this process has 79.24 GiB memory in use. Of the allocated memory 78.20 GiB is allocated by PyTorch, and 553.96 MiB is reserved by PyTorch but unallocated. If reserved but unallocated memory is large try setting PYTORCH_CUDA_ALLOC_CONF=expandable_segments:True to avoid fragmentation.  See documentation for Memory Management  (https://docs.pytorch.org/docs/stable/notes/cuda.html#optimizing-memory-usage-with-pytorch-cuda-alloc-conf)"
10B,train,5,10,4,512,True,,,,160016891904000,,,,False,"OOM: CUDA out of memory. Tried to allocate 48.00 MiB. GPU 0 has a total capacity of 79.25 GiB of which 1.94 MiB is free. Including non-PyTorch memory, this process has 79.24 GiB memory in use. Of the allocated memory 78.20 GiB is allocated by PyTorch, and 553.96 MiB is reserved by PyTorch but unallocated. If reserved but unallocated memory is large try setting PYTORCH_CUDA_ALLOC_CONF=expandable_segments:True to avoid fragmentation.  See documentation for Memory Management  (https://docs.pytorch.org/docs/stable/notes/cuda.html#optimizing-memory-usage-with-pytorch-cuda-alloc-conf)"
xl,forward,2,1,4,128,False,0.21715960605069995,0.0,12.908014297485352,3483663073280,16.041947840275018,3406809600,5.0,True,
xl,forward,2,1,4,128,True,0.04687313688918948,0.0,12.917779922485352,3483663073280,74.32109955677939,3406809600,5.0,True,
xl,train,2,1,4,128,False,0.9833233370445669,0.0,51.41515398025513,10450989219840,10.628232673955477,3406809600,5.0,True,
xl,train,2,1,4,128,True,0.48004354489967227,0.0,51.40515947341919,10450989219840,21.770919181975934,3406809600,5.0,True,
xl,forward,2,1,4,2048,False,4.001772619318217,0.0,21.299341201782227,60892569927680,15.216399261099017,3406809600,80.0,True,
xl,forward,2,1,4,2048,True,0.9782969946973026,0.0,19.260278701782227,60892569927680,62.243439627984266,3406809600,80.0,True,
xl,train,2,1,4,2048,False,,,,182677709783040,,,,False,"OOM: CUDA out of memory. Tried to allocate 2.00 GiB. GPU 0 has a total capacity of 79.25 GiB of which 1.28 GiB is free. Including non-PyTorch memory, this process has 77.96 GiB memory in use. Of the allocated memory 76.46 GiB is allocated by PyTorch, and 1.02 GiB is reserved by PyTorch but unallocated. If reserved but unallocated memory is large try setting PYTORCH_CUDA_ALLOC_CONF=expandable_segments:True to avoid fragmentation.  See documentation for Memory Management  (https://docs.pytorch.org/docs/stable/notes/cuda.html#optimizing-memory-usage-with-pytorch-cuda-alloc-conf)"
xl,train,2,1,4,2048,True,,,,182677709783040,,,,False,"OOM: CUDA out of memory. Tried to allocate 2.00 GiB. GPU 0 has a total capacity of 79.25 GiB of which 75.94 MiB is free. Including non-PyTorch memory, this process has 79.17 GiB memory in use. Of the allocated memory 77.92 GiB is allocated by PyTorch, and 774.63 MiB is reserved by PyTorch but unallocated. If reserved but unallocated memory is large try setting PYTORCH_CUDA_ALLOC_CONF=expandable_segments:True to avoid fragmentation.  See documentation for Memory Management  (https://docs.pytorch.org/docs/stable/notes/cuda.html#optimizing-memory-usage-with-pytorch-cuda-alloc-conf)"
